{
	"info": {
		"_postman_id": "c68127df-2a5a-421c-b95b-589040c45723",
		"name": "Imovel API",
		"schema": "https://schema.getpostman.com/json/collection/v2.0.0/collection.json",
		"_exporter_id": "39657480"
	},
	"item": [
		{
			"name": "INSERT",
			"request": {
				"method": "POST",
				"header": [],
				"body": {
					"mode": "raw",
					"raw": "{ \"rua\": \"General Neto\",\n\"bairro\": \"N sei\",\n\"cidade\": \"Santa Maria\",\n\"numero\": 211,\n\"complemento\": \"Bloco A, Apto 401\",\n\"tipo\": \"Apartamento\",\n\"quartos\": 2,\n\"banheiros\": 2,\n\"vagas_garagem\": 2,\n\"alugado\": true\n     }",
					"options": {
						"raw": {
							"language": "json"
						}
					}
				},
				"url": "http://localhost:8080/gerenciador/imovel/salvar"
			},
			"response": []
		},
		{
			"name": "DELETE",
			"request": {
				"method": "DELETE",
				"header": [],
				"body": {
					"mode": "raw",
					"raw": "",
					"options": {
						"raw": {
							"language": "json"
						}
					}
				},
				"url": "http://localhost:8080/gerenciador/imovel/1"
			},
			"response": []
		},
		{
			"name": "ASSOCIATE responsavel",
			"request": {
				"method": "POST",
				"header": [],
				"body": {
					"mode": "raw",
					"raw": "",
					"options": {
						"raw": {
							"language": "json"
						}
					}
				},
				"url": "http://localhost:8080/gerenciador/imovel/5/responsavel/2"
			},
			"response": []
		},
		{
			"name": "LISTAR",
			"request": {
				"method": "GET",
				"header": [],
				"url": "http://localhost:8080/gerenciador/imovel/listar"
			},
			"response": []
		},
		{
			"name": "UPDATE",
			"request": {
				"method": "PUT",
				"header": [],
				"body": {
					"mode": "raw",
					"raw": "{\n        \"id\": 5,\n        \"uuid\": \"fada13a2-244d-4cc6-bb69-95f74d63b98f\",\n        \"rua\": \"General Neto\",\n        \"bairro\": \"N sei\",\n        \"cidade\": \"Santa Maria\",\n        \"numero\": 211,\n        \"complemento\": \"Bloco A, Apto 401\",\n        \"tipo\": \"Apartamento\",\n        \"quartos\": 2,\n        \"banheiros\": 2,\n        \"vagas_garagem\": 2,\n        \"alugado\": true,\n        \"inquilino\": {\n            \"id\": 3\n        }\n}",
					"options": {
						"raw": {
							"language": "json"
						}
					}
				},
				"url": "http://localhost:8080/gerenciador/imovel"
			},
			"response": []
		}
	]
}