{
	"info": {
		"_postman_id": "1af14fb1-2e4c-4843-9c5b-12a4dfa7bbea",
		"name": "Inquilino API",
		"schema": "https://schema.getpostman.com/json/collection/v2.0.0/collection.json",
		"_exporter_id": "39657480"
	},
	"item": [
		{
			"name": "INSERT",
			"request": {
				"method": "POST",
				"header": [],
				"body": {
					"mode": "raw",
					"raw": "{\n    \"nome\": \"Gabriel Fuentes \",\n    \"contato\": \"55999309935\",\n    \"cpf\": \"12345611155\"\n}",
					"options": {
						"raw": {
							"language": "json"
						}
					}
				},
				"url": "http://localhost:8080/gerenciador/inquilino/salvar"
			},
			"response": []
		},
		{
			"name": "LISTAR",
			"protocolProfileBehavior": {
				"disableBodyPruning": true
			},
			"request": {
				"method": "GET",
				"header": [],
				"body": {
					"mode": "raw",
					"raw": "",
					"options": {
						"raw": {
							"language": "json"
						}
					}
				},
				"url": "http://localhost:8080/gerenciador/inquilino/listar"
			},
			"response": []
		},
		{
			"name": "DELETE",
			"request": {
				"method": "DELETE",
				"header": [],
				"url": "http://localhost:8080/gerenciador/inquilino/1"
			},
			"response": []
		},
		{
			"name": "UPDATE",
			"request": {
				"method": "PUT",
				"header": [],
				"body": {
					"mode": "raw",
					"raw": "{\n     \"id\": 3,\n        \"uuid\": \"3b1b2720-57b5-486a-952d-c266cd78db59\",\n        \"nome\": \"GABRIEL\",\n        \"contato\": \"55999404945\",\n        \"cpf\": \"12345678955\"\n    }",
					"options": {
						"raw": {
							"language": "json"
						}
					}
				},
				"url": "http://localhost:8080/gerenciador/inquilino"
			},
			"response": []
		}
	]
}