{
	"info": {
		"_postman_id": "42c41e65-7b7e-464f-91ea-68370cbf0bc7",
		"name": "Responsavel API",
		"schema": "https://schema.getpostman.com/json/collection/v2.0.0/collection.json",
		"_exporter_id": "39657480"
	},
	"item": [
		{
			"name": "INSERT",
			"request": {
				"method": "POST",
				"header": [],
				"body": {
					"mode": "raw",
					"raw": "{\n    \"nome\": \"André\",\n    \"contato\": \"44999999999\",\n    \"atribuicao\": \"Segurança\"\n}",
					"options": {
						"raw": {
							"language": "json"
						}
					}
				},
				"url": "http://localhost:8080/gerenciador/responsavel/salvar"
			},
			"response": []
		},
		{
			"name": "LISTAR",
			"protocolProfileBehavior": {
				"disableBodyPruning": true
			},
			"request": {
				"method": "GET",
				"header": [],
				"body": {
					"mode": "raw",
					"raw": "",
					"options": {
						"raw": {
							"language": "json"
						}
					}
				},
				"url": "http://localhost:8080/gerenciador/responsavel/listar"
			},
			"response": []
		},
		{
			"name": "DELETE",
			"request": {
				"method": "DELETE",
				"header": [],
				"url": "http://localhost:8080/gerenciador/responsavel/1"
			},
			"response": []
		},
		{
			"name": "UPDATE",
			"request": {
				"method": "PUT",
				"header": [],
				"body": {
					"mode": "raw",
					"raw": "{\n     \"id\": 2,\n        \"uuid\": \"4eff1bbf-7409-4ca9-82ea-71d21ac63933\",\n        \"nome\": \"Pedro Santos\",\n        \"contato\": \"pedro.santos@example.com\",\n        \"atribuicao\": \"Limpeza\"\n}",
					"options": {
						"raw": {
							"language": "json"
						}
					}
				},
				"url": "http://localhost:8080/gerenciador/responsavel"
			},
			"response": []
		}
	]
}