{
	"info": {
		"_postman_id": "28e4db22-e26a-4e41-bc6f-2aaad3a62af6",
		"name": "Usuario API",
		"schema": "https://schema.getpostman.com/json/collection/v2.0.0/collection.json",
		"_exporter_id": "39657480"
	},
	"item": [
		{
			"name": "INSERT",
			"request": {
				"auth": {
					"type": "noauth"
				},
				"method": "POST",
				"header": [
					{
						"key": "Authorization",
						"value": "eyJhbGciOiJIUzI1NiIsInR5cCI6IkpXVCJ9.eyJpc3MiOiJBUEkgZ2VyZW5jaWFkb3IiLCJzdWIiOiJldUBnbWFpbC5jb20iLCJST0xFIjoiUk9MRV9BRE1JTiIsImV4cCI6MTczMzcxNjcyMX0.shK9NoQh4cylMRF7MwAYBpeqCT1bZbXGz3HfK9KxW3s",
						"type": "text",
						"disabled": true
					}
				],
				"body": {
					"mode": "raw",
					"raw": "{\n\"login\": \"biel@email.com\",\n\"senha\": \"1234\",\n\"permissao\": \"ROLE_ADMIN\"\n}",
					"options": {
						"raw": {
							"language": "json"
						}
					}
				},
				"url": "http://localhost:8081/gerenciador/usuario"
			},
			"response": []
		},
		{
			"name": "LOGIN",
			"request": {
				"method": "POST",
				"header": [],
				"body": {
					"mode": "raw",
					"raw": "{\n\"login\":\"biel@email.com\",\n\"senha\":\"1234\"\n}",
					"options": {
						"raw": {
							"language": "json"
						}
					}
				},
				"url": "http://localhost:8081/gerenciador/login"
			},
			"response": []
		},
		{
			"name": "LISTAR",
			"protocolProfileBehavior": {
				"disableBodyPruning": true
			},
			"request": {
				"method": "GET",
				"header": [
					{
						"key": "Authorization",
						"value": "eyJhbGciOiJIUzI1NiIsInR5cCI6IkpXVCJ9.eyJpc3MiOiJBUEkgZ2VyZW5jaWFkb3IiLCJzdWIiOiJiaWVsQGVtYWlsLmNvbSIsIlJPTEUiOiJST0xFX0FETUlOIiwiZXhwIjoxNzMzODg0ODgxfQ.NuQjNpLe2mBXNgYaTPbqrjlHsWjUvvWS5ciUBjvWZwo",
						"type": "text"
					}
				],
				"body": {
					"mode": "raw",
					"raw": "{\n\"login\":\"biel@email.com\",\n\"senha\":\"1234\"\n}",
					"options": {
						"raw": {
							"language": "json"
						}
					}
				},
				"url": "http://localhost:8081/gerenciador/usuario"
			},
			"response": []
		},
		{
			"name": "DELETE",
			"request": {
				"method": "DELETE",
				"header": [
					{
						"key": "Authorization",
						"value": "eyJhbGciOiJIUzI1NiIsInR5cCI6IkpXVCJ9.eyJpc3MiOiJBUEkgZ2VyZW5jaWFkb3IiLCJzdWIiOiJiaWVsQGVtYWlsLmNvbSIsIlJPTEUiOiJST0xFX0FETUlOIiwiZXhwIjoxNzMzODg0ODgxfQ.NuQjNpLe2mBXNgYaTPbqrjlHsWjUvvWS5ciUBjvWZwo",
						"type": "text"
					}
				],
				"body": {
					"mode": "raw",
					"raw": "{\n\"login\":\"biel@email.com\",\n\"senha\":\"1234\"\n}",
					"options": {
						"raw": {
							"language": "json"
						}
					}
				},
				"url": {
					"raw": "http://localhost:8081/gerenciador/usuario/1",
					"protocol": "http",
					"host": [
						"localhost"
					],
					"port": "8081",
					"path": [
						"gerenciador",
						"usuario",
						"1"
					],
					"query": [
						{
							"key": "",
							"value": "",
							"disabled": true
						}
					]
				}
			},
			"response": []
		}
	]
}